{
    "matrice_distances": [
        [
            0.0,
            3.9824615503479754,
            7.076722405181653,
            9.612736854451674
        ],
        [
            3.9824615503479754,
            0.0,
            4.2,
            5.630275304103699
        ],
        [
            7.076722405181653,
            4.2,
            0.0,
            4.440720662234903
        ],
        [
            9.612736854451674,
            5.630275304103699,
            4.440720662234903,
            0.0
        ]
    ],
    "chemins_calcules": [
        {
            "depart": 0,
            "arrivee": 1,
            "distance": 4.0,
            "chemin": [
                0,
                1
            ]
        },
        {
            "depart": 0,
            "arrivee": 2,
            "distance": 7.1,
            "chemin": [
                0,
                2
            ]
        },
        {
            "depart": 0,
            "arrivee": 3,
            "distance": 9.6,
            "chemin": [
                0,
                1,
                3
            ]
        }
    ]
}